text	label
准时不错！服务好	1
的确不错！各方面都很到位	1
小孩玩具，没什么用	1
修复膜和隔离霜我很喜欢。	1
把压缩面膜放在杯子里用爽肤水泡开贴在脸上很舒服很好。真的很好用，质量杠杠的。客服很好，快递也很快，支持小店。	1
洗面奶真的好喜欢。味道也很好。洗完后脸白白的滑滑的。黑头真的有减少。之前总是时不时的会长一颗颗可以挤压出来东西。现在很少了。没有辜负我对它的期望。	1
从未见过这么慢的快递	0
开通不了	0
存在严重质量问题 好多空白页 严重遗漏内容。影响阅读	0
为什么没有播放，也没看，这是拍下来了，怎么会自动变成已完成了，这是什么意思	0
发霉的，怎么说	0
