AM路卡西:BRAND:(0-5)|大衣:PRD:(22-24),AM路卡西新款冬季时尚复古牛角扣短款连帽毛呢大衣
t恤:PRD:(13-15),AL大码宽松民族风刺绣圆领t恤
,AH-905时尚洒水壶
美化膜:PRD:(9-12),8047N明眸亮肌美化膜
,64105211
3CE我型我塑:BRAND:(0-7)|修容粉:PRD:(9-12),3CE我型我塑三色修容粉
菜盆:PRD:(8-10),3276二代九牧菜盆
,22黄冈名卷/小三语文上
,2022开运必备｜虎年“注定红”｜荷兰进口朱顶红
外套:PRD:(10-12),2021秋冬 羊绒短外套
超:BRAND:(5-6)|菜:PRD:(8-9)|1:WGT:(9-10),126g汉超下饭菜1*40
拼:PRD:(12-13)|团:PRD:(22-23),120片 儿童拼图 塑料拼图 T1068 么团-游乐时光
,07165
啤酒:PRD:(17-19),(ZJ)迷失海岸迷雾快艇双倍IPA啤酒
,#127 4X4斜角梁
